matrix,rows,cols,nnz,method,ms_mean,ms_median,ms_std,gflops,gbps,check_max_abs,pct_of_best_cusparse,samples_ms
webbase-1M.mtx,1000005,1000005,3105536,cusparse_default,0.0956979,0.095824,0.000608713,64.9029,473.014,-1,100,0.096256;0.096256;0.095968;0.09552;0.095712;0.096032;0.096256;0.095744;0.09568;0.09616;0.096256;0.095456;0.096224;0.095008;0.096256;0.094688;0.095776;0.095712;0.096032;0.096;0.09616;0.095872;0.095872;0.096256;0.09504;0.095008;0.094848;0.094208;0.096256;0.096032;0.095712;0.096224;0.096256;0.096256;0.096256;0.095104;0.09568;0.095648;0.096064;0.096224;0.096256;0.096256;0.094848;0.094976;0.094688;0.096096;0.096256;0.094912;0.096256;0.095232;0.096192;0.096256;0.096256;0.094688;0.096256;0.096256;0.096576;0.096;0.096192;0.09744;0.096256;0.094944;0.094496;0.095616;0.0944;0.095648;0.095712;0.096032;0.096032;0.096256;0.09584;0.095392;0.096256;0.09504;0.094752;0.095872;0.095584;0.096256;0.09488;0.095456;0.096224;0.095936;0.095584;0.094208;0.095776;0.095424;0.09568;0.095968;0.096256;0.094784;0.09456;0.094624;0.095456;0.095552;0.095488;0.09552;0.095808;0.096256;0.095168;0.094944
webbase-1M.mtx,1000005,1000005,3105536,cusparse_csr_alg2,0.106759,0.10656,0.000529963,58.1782,424.005,-1,89.6389,0.106624;0.1064;0.107552;0.106464;0.106496;0.106816;0.106496;0.106848;0.107904;0.10656;0.106688;0.106496;0.106432;0.106496;0.106784;0.106496;0.106656;0.10768;0.106496;0.106592;0.107232;0.107712;0.106496;0.106944;0.106496;0.108096;0.10752;0.1064;0.10752;0.10608;0.106112;0.106496;0.106944;0.106912;0.105408;0.106304;0.106496;0.10688;0.106496;0.106752;0.106496;0.106816;0.106496;0.10656;0.108096;0.106496;0.106848;0.10656;0.1064;0.106592;0.106272;0.106784;0.107968;0.106496;0.106336;0.108096;0.106496;0.10704;0.10768;0.106496;0.106944;0.10752;0.107712;0.10624;0.106496;0.107584;0.106496;0.105248;0.106208;0.10624;0.107584;0.106656;0.107104;0.106496;0.106784;0.106496;0.10656;0.107136;0.106496;0.106688;0.107744;0.106496;0.10624;0.106464;0.107104;0.106496;0.106432;0.106496;0.106464;0.10656;0.106912;0.107648;0.106496;0.106464;0.106496;0.106496;0.106624;0.10704;0.106496;0.106784
webbase-1M.mtx,1000005,1000005,3105536,baseline,0.280917,0.280576,0.00163039,22.11,161.138,5.34058e-05,34.0662,0.282368;0.282624;0.280576;0.284672;0.283744;0.280576;0.281152;0.279808;0.280032;0.280576;0.280576;0.279456;0.281184;0.282624;0.278784;0.280576;0.279456;0.280032;0.281664;0.280416;0.281984;0.280448;0.278528;0.280064;0.280576;0.278944;0.279744;0.278528;0.283456;0.282784;0.281792;0.279648;0.282176;0.28176;0.280416;0.283744;0.280576;0.279296;0.280576;0.280768;0.279776;0.280576;0.2816;0.282112;0.280672;0.27904;0.278752;0.28192;0.282368;0.281696;0.278528;0.281536;0.281088;0.2824;0.278528;0.283008;0.281408;0.280288;0.280576;0.282624;0.282368;0.279904;0.280576;0.281152;0.281728;0.282624;0.282624;0.278688;0.279968;0.278592;0.278912;0.280576;0.28672;0.28096;0.284672;0.279456;0.28064;0.278528;0.279328;0.28096;0.280192;0.282624;0.280576;0.278848;0.282848;0.280832;0.278528;0.284096;0.278592;0.281024;0.28112;0.280672;0.281888;0.284672;0.28064;0.280576;0.2792;0.281504;0.280576;0.278528
webbase-1M.mtx,1000005,1000005,3105536,lightspmv,0.150323,0.149664,0.00134865,41.3182,301.128,3.05176e-05,63.6616,0.155168;0.1536;0.152672;0.1536;0.15168;0.153376;0.151808;0.151552;0.15328;0.151968;0.152416;0.153248;0.152096;0.152704;0.153088;0.15216;0.154656;0.154112;0.149504;0.149696;0.149632;0.149504;0.149952;0.15008;0.149504;0.149504;0.149952;0.149504;0.149792;0.149504;0.149664;0.149504;0.149696;0.149536;0.149504;0.149568;0.149504;0.14976;0.149632;0.149504;0.149408;0.149568;0.149504;0.149728;0.149504;0.149696;0.151008;0.149504;0.150816;0.149504;0.14976;0.149504;0.1496;0.1496;0.149504;0.14976;0.149504;0.149664;0.150656;0.149504;0.14976;0.149504;0.14976;0.150752;0.149536;0.150176;0.150112;0.149952;0.149504;0.1496;0.149472;0.149504;0.14992;0.150624;0.149536;0.150016;0.150528;0.149504;0.1496;0.149504;0.149504;0.149472;0.149504;0.149536;0.149504;0.150368;0.149504;0.149568;0.150944;0.149504;0.149728;0.149504;0.150112;0.149504;0.149504;0.149504;0.14992;0.149696;0.150528;0.149536
amazon0312.mtx,400727,400727,3200440,cusparse_default,0.0837331,0.083968,0.000530953,76.4438,496.949,-1,100,0.083296;0.083872;0.083776;0.083968;0.082784;0.084384;0.083968;0.082816;0.084096;0.083968;0.083744;0.083968;0.083712;0.083776;0.083968;0.084576;0.083968;0.084128;0.083808;0.085344;0.083968;0.083936;0.083584;0.083552;0.083968;0.083968;0.084128;0.083968;0.082624;0.083968;0.082912;0.08368;0.083584;0.083968;0.082784;0.084256;0.083968;0.083968;0.083616;0.083744;0.083968;0.08416;0.083968;0.084672;0.083968;0.084064;0.083968;0.082848;0.084064;0.082496;0.084256;0.083968;0.083584;0.083904;0.083968;0.083552;0.08352;0.082784;0.084032;0.082944;0.083616;0.083968;0.083968;0.082592;0.082624;0.082656;0.084288;0.083968;0.084448;0.083968;0.082784;0.08432;0.083968;0.08288;0.084128;0.08384;0.083968;0.082656;0.082368;0.083776;0.083808;0.083968;0.084;0.083904;0.083968;0.08288;0.083936;0.083968;0.084032;0.083968;0.083872;0.083968;0.082912;0.083872;0.083808;0.083968;0.083744;0.083968;0.08368;0.083552
amazon0312.mtx,400727,400727,3200440,cusparse_csr_alg2,0.094527,0.094352,0.000564243,67.7148,440.203,-1,88.5811,0.094816;0.093184;0.094496;0.094528;0.09616;0.094208;0.094208;0.094816;0.092896;0.094624;0.095488;0.093888;0.094208;0.094112;0.094208;0.095584;0.095232;0.09408;0.094208;0.095072;0.095424;0.094208;0.094592;0.094432;0.095296;0.094272;0.0944;0.094208;0.0944;0.094208;0.094496;0.092896;0.094304;0.094336;0.094208;0.094208;0.094208;0.094208;0.095296;0.094368;0.095136;0.094912;0.095328;0.094208;0.094368;0.09472;0.094208;0.094304;0.095488;0.095296;0.094208;0.094208;0.094368;0.094208;0.095296;0.09424;0.094496;0.095968;0.095328;0.094496;0.094208;0.09408;0.094208;0.094336;0.094208;0.094048;0.09552;0.093984;0.094208;0.094208;0.09504;0.094208;0.094464;0.094208;0.094432;0.094432;0.094208;0.094912;0.094432;0.09424;0.094208;0.095328;0.093888;0.094208;0.09504;0.095616;0.094208;0.09424;0.095424;0.094368;0.09472;0.094208;0.094592;0.094208;0.094848;0.094528;0.094208;0.094912;0.095328;0.094272
amazon0312.mtx,400727,400727,3200440,baseline,0.104316,0.104448,0.00124088,61.3606,398.895,1.90735e-06,80.2688,0.106368;0.105312;0.104448;0.10576;0.104864;0.104448;0.105088;0.10496;0.103296;0.1048;0.104448;0.106496;0.105472;0.105696;0.104512;0.104768;0.104864;0.1048;0.104448;0.104448;0.105088;0.104608;0.104448;0.105472;0.10432;0.104864;0.103968;0.10592;0.104192;0.105088;0.104352;0.10464;0.10592;0.10544;0.104448;0.105952;0.104544;0.105888;0.104512;0.105024;0.106176;0.104928;0.106048;0.106496;0.104;0.105344;0.104448;0.10608;0.10432;0.106144;0.104416;0.105056;0.103808;0.106624;0.104544;0.104448;0.104352;0.104448;0.1032;0.104608;0.104448;0.104544;0.10336;0.104448;0.104448;0.105984;0.104512;0.104736;0.104608;0.105408;0.103424;0.106176;0.105248;0.10256;0.10192;0.1024;0.102368;0.102592;0.102816;0.102624;0.1024;0.104032;0.103072;0.102464;0.1024;0.102432;0.1024;0.102816;0.1024;0.104288;0.102432;0.10352;0.1024;0.102656;0.103584;0.102016;0.10112;0.1024;0.102816;0.10384
amazon0312.mtx,400727,400727,3200440,lightspmv,0.155612,0.15384,0.00246728,41.1336,267.403,1.90735e-06,53.809,0.158016;0.159392;0.157728;0.15904;0.1576;0.157856;0.15792;0.158496;0.157696;0.158976;0.157728;0.166144;0.157696;0.158944;0.15792;0.157984;0.157696;0.159264;0.157696;0.158848;0.157536;0.157888;0.157632;0.15904;0.157792;0.158048;0.158048;0.158272;0.157696;0.158912;0.157728;0.158336;0.157696;0.157696;0.158144;0.1592;0.157696;0.158848;0.157344;0.158496;0.158336;0.153696;0.153856;0.1536;0.153856;0.1536;0.1536;0.154016;0.154336;0.153568;0.153696;0.152544;0.153696;0.1536;0.153664;0.153472;0.153696;0.153696;0.1536;0.154016;0.154784;0.1536;0.153568;0.1536;0.1536;0.154752;0.15376;0.1536;0.153408;0.153824;0.153824;0.1536;0.153408;0.153632;0.1536;0.15488;0.153664;0.153536;0.1536;0.153824;0.1536;0.1536;0.153536;0.1536;0.153824;0.1536;0.153536;0.1536;0.153504;0.1536;0.1536;0.153504;0.1536;0.153696;0.1536;0.1536;0.154048;0.1536;0.1536;0.15344
roadNet-CA.mtx,1971281,1971281,5533214,cusparse_default,0.170544,0.1704,0.000709123,64.8891,481.805,-1,100,0.171488;0.169504;0.170784;0.170432;0.171168;0.169984;0.170848;0.17072;0.168672;0.171136;0.169984;0.171968;0.1704;0.17072;0.169888;0.169248;0.169984;0.172288;0.169984;0.16944;0.169984;0.17056;0.169984;0.171008;0.171264;0.169952;0.1704;0.170144;0.169984;0.1712;0.171552;0.1704;0.170528;0.1696;0.171296;0.1704;0.170336;0.170016;0.170528;0.169856;0.1704;0.170144;0.169888;0.169984;0.170016;0.171584;0.16976;0.170336;0.171968;0.172032;0.170144;0.170432;0.170016;0.169888;0.169952;0.170176;0.170592;0.170176;0.170272;0.170496;0.170304;0.171104;0.1712;0.169984;0.171168;0.171904;0.170208;0.17168;0.170752;0.17024;0.1712;0.169984;0.170464;0.171456;0.170144;0.17136;0.170624;0.1704;0.169984;0.170528;0.169632;0.170688;0.169856;0.172032;0.171936;0.170176;0.170496;0.170144;0.16976;0.170176;0.17136;0.171232;0.171008;0.170272;0.169984;0.170784;0.169984;0.170688;0.171648;0.171936
roadNet-CA.mtx,1971281,1971281,5533214,cusparse_csr_alg2,0.182554,0.182368,0.000802203,60.6199,450.106,-1,93.4208,0.183904;0.182464;0.183072;0.182272;0.18288;0.182272;0.1824;0.182304;0.18256;0.182272;0.183424;0.183488;0.182176;0.182688;0.183104;0.182368;0.182496;0.181216;0.182272;0.182688;0.182528;0.182272;0.184032;0.1808;0.182272;0.182752;0.184128;0.183072;0.183296;0.182272;0.182112;0.18112;0.182272;0.183712;0.182912;0.182752;0.182784;0.180768;0.182272;0.181568;0.181248;0.183392;0.182272;0.183712;0.18208;0.182272;0.182432;0.182048;0.184;0.182624;0.182464;0.182272;0.182272;0.182272;0.182272;0.182272;0.182272;0.182368;0.183808;0.182368;0.183744;0.1824;0.182144;0.18304;0.184064;0.182816;0.182336;0.182176;0.183776;0.180992;0.180448;0.183328;0.183456;0.183808;0.182464;0.180576;0.182272;0.182272;0.182272;0.182272;0.184288;0.183008;0.182176;0.182592;0.180736;0.182272;0.182976;0.182272;0.182272;0.181664;0.182272;0.182272;0.182112;0.182496;0.18368;0.184064;0.18288;0.18256;0.182336;0.183104
roadNet-CA.mtx,1971281,1971281,5533214,baseline,0.153133,0.153344,0.0012024,72.2666,536.583,9.53674e-07,111.369,0.15152;0.153536;0.15504;0.1536;0.154048;0.152;0.154112;0.153504;0.151552;0.155232;0.153536;0.152512;0.153632;0.154912;0.153056;0.1536;0.1536;0.153664;0.1536;0.153056;0.153504;0.154656;0.152384;0.15472;0.151904;0.153664;0.1536;0.15536;0.153248;0.151808;0.15472;0.1536;0.15168;0.152672;0.15216;0.155648;0.152384;0.151552;0.15184;0.151872;0.1536;0.152672;0.151744;0.1512;0.153504;0.1536;0.153216;0.153696;0.1536;0.153952;0.1536;0.1536;0.154304;0.151552;0.15136;0.153728;0.15328;0.154464;0.1536;0.153344;0.151584;0.151552;0.1536;0.151392;0.154656;0.15392;0.152832;0.15328;0.151232;0.152576;0.152352;0.153344;0.15504;0.1512;0.15184;0.152416;0.154784;0.152192;0.152608;0.152416;0.149504;0.156608;0.153152;0.152896;0.153952;0.152864;0.152064;0.152096;0.1536;0.152512;0.1536;0.153088;0.15344;0.1536;0.152416;0.1536;0.155776;0.151904;0.1544;0.151552
roadNet-CA.mtx,1971281,1971281,5533214,lightspmv,0.260129,0.260096,0.00032899,42.5421,315.878,9.53674e-07,65.5613,0.26048;0.259808;0.260288;0.260096;0.260576;0.260096;0.260096;0.260096;0.260096;0.260096;0.259744;0.260096;0.260192;0.25984;0.260096;0.260096;0.259776;0.260096;0.260096;0.260128;0.260192;0.260224;0.259936;0.260096;0.260096;0.260096;0.260064;0.260096;0.261472;0.260096;0.260096;0.260096;0.259936;0.26016;0.260096;0.260096;0.259808;0.25872;0.261344;0.260576;0.260128;0.260096;0.260096;0.260096;0.260096;0.259936;0.260352;0.26;0.26;0.260096;0.260096;0.260096;0.260096;0.260096;0.260352;0.26032;0.260096;0.260096;0.25984;0.260256;0.260288;0.26;0.260096;0.260224;0.26016;0.260256;0.260096;0.260096;0.260096;0.260096;0.260096;0.260352;0.260096;0.260096;0.260096;0.259904;0.260096;0.260096;0.260096;0.259936;0.260096;0.260096;0.260192;0.260192;0.260096;0.260096;0.261344;0.260096;0.260096;0.259904;0.26;0.25904;0.260096;0.260096;0.260224;0.260256;0.259936;0.26112;0.260096;0.260096
rma10.mtx,46835,46835,2374001,cusparse_default,0.0509242,0.051136,0.00063982,93.2367,566.778,-1,100,0.050432;0.0512;0.051328;0.050528;0.051104;0.051168;0.0512;0.051488;0.05232;0.04992;0.05104;0.051008;0.052608;0.050528;0.0512;0.050656;0.04992;0.0512;0.0512;0.050944;0.049568;0.050656;0.051232;0.04992;0.0512;0.050816;0.04976;0.050368;0.0512;0.0512;0.0512;0.050304;0.050976;0.0496;0.050784;0.051072;0.050176;0.052288;0.051104;0.050752;0.0512;0.0512;0.05248;0.0512;0.050656;0.050176;0.0512;0.051264;0.051168;0.049824;0.0512;0.051296;0.051168;0.05168;0.049344;0.0512;0.051168;0.051168;0.051264;0.050912;0.052256;0.0512;0.0512;0.050848;0.049984;0.050272;0.0512;0.05136;0.050752;0.05136;0.050176;0.050912;0.051168;0.050624;0.052288;0.050848;0.049952;0.0512;0.050944;0.051392;0.05136;0.049888;0.050624;0.050048;0.0512;0.0512;0.0512;0.04928;0.0512;0.0512;0.0512;0.05136;0.050304;0.050176;0.05104;0.05104;0.051616;0.050816;0.050944;0.050848
rma10.mtx,46835,46835,2374001,cusparse_csr_alg2,0.0602595,0.060192,0.000704652,78.7926,478.973,-1,84.5081,0.059392;0.060864;0.060224;0.060576;0.06144;0.059392;0.059392;0.059392;0.059392;0.06048;0.060928;0.06144;0.06144;0.059552;0.059392;0.060608;0.060608;0.06144;0.059392;0.060928;0.06016;0.06064;0.060576;0.059584;0.060896;0.060192;0.059584;0.060608;0.06144;0.061088;0.059552;0.06016;0.059744;0.060896;0.059904;0.061056;0.059968;0.059392;0.059392;0.059392;0.060928;0.060192;0.060704;0.060384;0.059552;0.059392;0.060672;0.059936;0.059616;0.060576;0.060384;0.061024;0.060192;0.059552;0.059392;0.05952;0.0608;0.060256;0.060512;0.06144;0.059392;0.059392;0.059392;0.061088;0.060064;0.060832;0.060064;0.059392;0.06096;0.059424;0.060128;0.059776;0.061344;0.059744;0.061024;0.059776;0.06;0.06144;0.059616;0.061216;0.060064;0.059392;0.060448;0.059392;0.059392;0.059392;0.060672;0.061408;0.059904;0.061408;0.059808;0.060576;0.0608;0.061344;0.059808;0.06144;0.060608;0.061152;0.059968;0.059392
rma10.mtx,46835,46835,2374001,baseline,0.105146,0.104624,0.0014902,45.1562,274.501,2.625,48.4317,0.106496;0.10816;0.106368;0.106016;0.106464;0.106368;0.105664;0.108384;0.105952;0.106496;0.105696;0.107872;0.10688;0.106528;0.10544;0.106592;0.105888;0.106496;0.106496;0.106496;0.106496;0.106208;0.104448;0.107904;0.106496;0.107296;0.104448;0.107552;0.10608;0.107136;0.106112;0.106848;0.106496;0.106624;0.106432;0.10656;0.107264;0.108448;0.106496;0.107424;0.104864;0.104512;0.104448;0.105664;0.104512;0.105664;0.104192;0.102912;0.104448;0.104448;0.103328;0.103712;0.104448;0.1024;0.102656;0.104448;0.104256;0.105888;0.104448;0.106016;0.104448;0.104448;0.1032;0.103712;0.102432;0.104448;0.104576;0.102752;0.10448;0.103232;0.105344;0.104288;0.105504;0.104448;0.103264;0.104448;0.104256;0.1048;0.104928;0.104672;0.103552;0.103232;0.103456;0.10432;0.104448;0.104448;0.104512;0.102816;0.1024;0.104448;0.104576;0.104288;0.10256;0.104448;0.102688;0.104448;0.1032;0.105728;0.106464;0.104128
rma10.mtx,46835,46835,2374001,lightspmv,0.049863,0.049728,0.000661612,95.2209,578.839,3,102.128,0.050784;0.0512;0.050464;0.0512;0.050528;0.050016;0.049152;0.050592;0.049152;0.050496;0.049152;0.05056;0.04912;0.04928;0.050592;0.049952;0.049152;0.050816;0.049152;0.050464;0.049088;0.049728;0.050368;0.050016;0.050688;0.0496;0.049152;0.0512;0.049152;0.0504;0.049152;0.05008;0.049152;0.050848;0.049216;0.050496;0.049248;0.049152;0.049536;0.04976;0.049152;0.050656;0.049152;0.050336;0.0496;0.049664;0.0512;0.049472;0.050784;0.0496;0.049856;0.049888;0.049152;0.050528;0.049184;0.04928;0.049152;0.05072;0.049376;0.050464;0.049344;0.04944;0.04928;0.049888;0.049632;0.051072;0.049184;0.050592;0.049344;0.049728;0.049152;0.050368;0.049248;0.04976;0.049152;0.05072;0.049056;0.049664;0.050336;0.049952;0.049152;0.050912;0.049216;0.0504;0.049248;0.049824;0.04912;0.049984;0.05024;0.050624;0.049152;0.050912;0.049152;0.050336;0.049696;0.050624;0.049152;0.049152;0.049728;0.049696
bmw7st_1.mtx,141347,141347,7339667,cusparse_default,0.117732,0.117696,0.000696822,124.684,757.708,-1,100,0.118464;0.117056;0.117408;0.117824;0.117536;0.116736;0.118784;0.117952;0.117632;0.118656;0.116896;0.118784;0.116736;0.117568;0.116992;0.118784;0.118144;0.11728;0.118208;0.117152;0.118336;0.116928;0.11808;0.117568;0.118464;0.11696;0.118464;0.11712;0.118784;0.118176;0.116832;0.118752;0.118048;0.11728;0.118144;0.117408;0.116736;0.118336;0.11696;0.11872;0.117824;0.117664;0.11792;0.117504;0.116928;0.118688;0.118336;0.11744;0.11728;0.118368;0.116992;0.118336;0.118144;0.117408;0.117856;0.11872;0.118304;0.117024;0.11776;0.117312;0.117952;0.117728;0.118368;0.116896;0.11872;0.116768;0.118688;0.118464;0.1168;0.117632;0.116832;0.116736;0.118784;0.116736;0.117568;0.117984;0.117632;0.118496;0.1168;0.118784;0.116736;0.117536;0.116736;0.118304;0.116896;0.118368;0.116928;0.118688;0.116864;0.118784;0.116768;0.118176;0.116864;0.118528;0.116736;0.118528;0.118048;0.117536;0.11792;0.11744
bmw7st_1.mtx,141347,141347,7339667,cusparse_csr_alg2,0.128504,0.12872,0.00077827,114.233,694.195,-1,91.6178,0.128384;0.12752;0.129024;0.1288;0.128384;0.128736;0.129088;0.129152;0.12928;0.127392;0.127744;0.128;0.128544;0.127424;0.12896;0.12704;0.129024;0.129024;0.12896;0.129184;0.129024;0.129024;0.128672;0.12848;0.127968;0.13024;0.128896;0.129024;0.129024;0.130176;0.127584;0.128736;0.127072;0.128448;0.127584;0.128736;0.128512;0.128608;0.12768;0.128896;0.128832;0.129248;0.1288;0.127392;0.129024;0.128864;0.128224;0.128;0.127968;0.12896;0.128896;0.12816;0.128704;0.127808;0.129024;0.128544;0.127584;0.126976;0.12784;0.126976;0.1288;0.12848;0.12784;0.128864;0.129216;0.128608;0.128864;0.127712;0.130656;0.126976;0.128832;0.128608;0.127424;0.129024;0.127872;0.129024;0.12848;0.129568;0.129024;0.128992;0.12704;0.126976;0.129024;0.128544;0.127232;0.129024;0.129024;0.128832;0.128832;0.128992;0.128768;0.128608;0.127904;0.128832;0.127168;0.130656;0.128608;0.127744;0.129504;0.128352
bmw7st_1.mtx,141347,141347,7339667,baseline,0.318244,0.317552,0.0050772,46.1261,280.31,1.34218e+08,36.9945,0.323584;0.325632;0.316384;0.316896;0.317216;0.321856;0.317024;0.318816;0.325024;0.309888;0.32448;0.311296;0.318176;0.336032;0.317312;0.315392;0.316288;0.31744;0.309952;0.323584;0.31504;0.313056;0.317152;0.315392;0.3232;0.321536;0.31328;0.308544;0.315072;0.314784;0.315616;0.31632;0.320128;0.311424;0.31536;0.319712;0.314272;0.321536;0.321952;0.320064;0.320416;0.308768;0.316608;0.309696;0.313344;0.31744;0.31824;0.313664;0.315392;0.318304;0.322336;0.332;0.326592;0.319488;0.313344;0.315392;0.318976;0.319776;0.317632;0.318592;0.321088;0.321408;0.329632;0.313056;0.318592;0.321856;0.318496;0.317984;0.324192;0.317472;0.315392;0.31744;0.314272;0.319488;0.319488;0.321536;0.313184;0.313728;0.31744;0.313312;0.321792;0.32128;0.321536;0.312736;0.321536;0.319104;0.3168;0.319392;0.319488;0.314048;0.323584;0.316576;0.327392;0.33168;0.315392;0.309248;0.32752;0.311744;0.319424;0.313312
bmw7st_1.mtx,141347,141347,7339667,lightspmv,0.117121,0.116992,0.000889369,125.335,761.666,1.34218e+08,100.522,0.118528;0.118624;0.116736;0.118272;0.116768;0.116864;0.116736;0.118496;0.116608;0.117152;0.116736;0.117792;0.11664;0.117568;0.116544;0.117504;0.116736;0.117088;0.117824;0.118272;0.116608;0.116928;0.116736;0.118208;0.116896;0.117152;0.116736;0.117984;0.116416;0.117632;0.116736;0.116736;0.115552;0.118304;0.116992;0.117792;0.11632;0.118368;0.116768;0.117376;0.116736;0.116736;0.116672;0.11808;0.116768;0.117408;0.116672;0.117344;0.116736;0.118048;0.116992;0.11728;0.117824;0.117056;0.11664;0.117248;0.116768;0.118464;0.116736;0.117152;0.115552;0.11808;0.116864;0.117504;0.116736;0.118208;0.116832;0.117408;0.11792;0.118176;0.116704;0.117376;0.116736;0.11776;0.116928;0.117728;0.116736;0.118176;0.117056;0.117152;0.11808;0.118208;0.116768;0.118464;0.116672;0.11712;0.116736;0.116736;0.116992;0.117536;0.116736;0.118784;0.116992;0.118528;0.114688;0.114688;0.114688;0.115712;0.114528;0.114688
thermal2.mtx,1228045,1228045,8580313,cusparse_default,0.203514,0.203488,0.000697284,84.3215,554.203,-1,100,0.204448;0.203168;0.203648;0.204032;0.20464;0.202752;0.203808;0.204032;0.20352;0.202752;0.203392;0.203488;0.202752;0.203072;0.204416;0.20224;0.202752;0.204608;0.202752;0.204416;0.204448;0.203776;0.20304;0.202752;0.203424;0.204224;0.202816;0.203616;0.2048;0.203904;0.202592;0.202752;0.204032;0.202816;0.20416;0.202752;0.203616;0.204736;0.204352;0.202752;0.20448;0.20304;0.203552;0.203616;0.202752;0.203456;0.202752;0.201632;0.204064;0.202976;0.203968;0.203104;0.203744;0.202752;0.20448;0.203168;0.203648;0.203584;0.204224;0.202912;0.20384;0.203264;0.203328;0.204;0.202816;0.204128;0.202912;0.203296;0.20416;0.203296;0.2032;0.204736;0.203872;0.202976;0.202752;0.203488;0.203616;0.204416;0.202752;0.20448;0.202752;0.204672;0.202752;0.20336;0.203648;0.204192;0.202912;0.20416;0.202816;0.202752;0.204768;0.20448;0.202752;0.20352;0.202944;0.2048;0.202752;0.203264;0.203936;0.202912
thermal2.mtx,1228045,1228045,8580313,cusparse_csr_alg2,0.215608,0.215376,0.000720083,79.5918,523.117,-1,94.3909,0.215936;0.215456;0.215392;0.21504;0.216896;0.214848;0.21504;0.215648;0.216768;0.21616;0.215488;0.213728;0.215584;0.215264;0.216608;0.215136;0.21504;0.216448;0.215296;0.217088;0.216384;0.215136;0.215712;0.21504;0.21568;0.215616;0.21504;0.215968;0.216608;0.2152;0.21504;0.215648;0.2168;0.216416;0.21536;0.217088;0.215072;0.215232;0.21504;0.217088;0.215264;0.215232;0.216448;0.216576;0.216192;0.21488;0.215168;0.214752;0.21504;0.215296;0.213184;0.215296;0.21632;0.21504;0.21504;0.215872;0.21504;0.215232;0.216576;0.215328;0.215616;0.21504;0.215488;0.216384;0.215264;0.216224;0.214944;0.21504;0.214976;0.21504;0.215392;0.217024;0.215392;0.216384;0.215232;0.216192;0.215456;0.21504;0.216416;0.2152;0.215008;0.215616;0.21504;0.21504;0.215328;0.216384;0.215488;0.216608;0.216096;0.21536;0.215808;0.216704;0.215104;0.217088;0.21504;0.215744;0.216448;0.215264;0.21504;0.21504
thermal2.mtx,1228045,1228045,8580313,baseline,0.2439,0.243712,0.000802755,70.3593,462.436,1.2517e-06,83.4417,0.243712;0.24224;0.24192;0.243712;0.245344;0.243328;0.244192;0.243744;0.24288;0.244928;0.244608;0.243648;0.243328;0.243712;0.243712;0.245024;0.244704;0.243744;0.243712;0.243712;0.243712;0.243712;0.24256;0.243904;0.245632;0.24352;0.243712;0.243584;0.243712;0.243712;0.243712;0.243712;0.243328;0.244064;0.243712;0.243712;0.245632;0.243712;0.244864;0.244384;0.243712;0.24368;0.243136;0.242112;0.24576;0.2424;0.24256;0.245248;0.243968;0.243712;0.243712;0.24416;0.243712;0.245088;0.243712;0.243712;0.243872;0.243936;0.243712;0.244288;0.24176;0.24416;0.243904;0.242432;0.244224;0.243776;0.244416;0.244096;0.244256;0.243712;0.245088;0.243712;0.243712;0.243392;0.243744;0.24528;0.243584;0.243776;0.244832;0.243264;0.244896;0.244224;0.244992;0.243776;0.243648;0.243904;0.243712;0.243968;0.245632;0.243712;0.242528;0.243712;0.243712;0.243712;0.24576;0.243872;0.243808;0.24368;0.243712;0.245216
thermal2.mtx,1228045,1228045,8580313,lightspmv,0.378995,0.37888,0.000518324,45.2793,297.598,9.53674e-07,53.6984,0.380864;0.37888;0.379232;0.378752;0.379072;0.378784;0.378656;0.379008;0.38016;0.379264;0.37888;0.37888;0.379968;0.379168;0.37888;0.37904;0.379232;0.37888;0.379104;0.37888;0.379936;0.379104;0.37888;0.37888;0.37888;0.37888;0.37856;0.379392;0.380928;0.37888;0.37888;0.379232;0.378848;0.37888;0.37888;0.37888;0.379488;0.37888;0.37888;0.37888;0.37888;0.37888;0.37888;0.37888;0.37888;0.379968;0.378944;0.379104;0.37872;0.37904;0.37888;0.37888;0.37888;0.37888;0.377632;0.380064;0.379008;0.379008;0.378784;0.378784;0.37888;0.37888;0.37888;0.37776;0.379296;0.379392;0.37888;0.37888;0.378912;0.377184;0.378944;0.379008;0.37888;0.37888;0.37888;0.37888;0.38;0.37744;0.378944;0.379264;0.37888;0.380064;0.37872;0.3792;0.37856;0.379072;0.378848;0.378656;0.37888;0.378688;0.378752;0.37856;0.379264;0.37888;0.37888;0.378848;0.378912;0.379168;0.379104;0.37888
net25.mtx,9520,9520,401200,cusparse_default,0.0164787,0.016384,0.000319068,48.6931,296.781,-1,100,0.016544;0.016384;0.016224;0.016576;0.016416;0.016384;0.016384;0.016416;0.017952;0.016384;0.016384;0.016384;0.016544;0.016608;0.01648;0.016384;0.016384;0.016384;0.016448;0.016384;0.016384;0.016704;0.01664;0.016416;0.016384;0.016384;0.016224;0.016384;0.016384;0.016352;0.01648;0.016384;0.016384;0.016608;0.016352;0.01744;0.016384;0.016384;0.016384;0.016384;0.016384;0.016384;0.016192;0.016608;0.016384;0.016192;0.01616;0.016384;0.016384;0.016608;0.016736;0.01744;0.016384;0.016448;0.016288;0.01536;0.016384;0.016544;0.016544;0.017536;0.016384;0.016448;0.016352;0.016384;0.016384;0.016352;0.016352;0.016384;0.01664;0.016448;0.01664;0.016576;0.016384;0.016384;0.016224;0.016384;0.016384;0.016576;0.016096;0.01744;0.016384;0.016192;0.016256;0.016384;0.01648;0.016352;0.016384;0.016384;0.01664;0.016608;0.016384;0.016384;0.016384;0.017472;0.016384;0.01664;0.016416;0.016384;0.016384;0.016928
net25.mtx,9520,9520,401200,cusparse_csr_alg2,0.0201619,0.020288,0.000460907,39.7978,242.564,-1,81.7319,0.02048;0.020288;0.02048;0.020224;0.020288;0.02048;0.01904;0.02048;0.020192;0.02048;0.020448;0.02048;0.02048;0.020256;0.01904;0.019872;0.02048;0.020064;0.02048;0.02;0.02048;0.019936;0.02048;0.02032;0.019328;0.020096;0.02048;0.020352;0.019328;0.02048;0.020224;0.02048;0.020032;0.02048;0.02016;0.02048;0.020576;0.02048;0.020288;0.01936;0.020192;0.01936;0.020128;0.019456;0.020192;0.01936;0.02048;0.020288;0.019296;0.020384;0.019264;0.020288;0.01936;0.020448;0.02016;0.020448;0.020352;0.019168;0.020224;0.020288;0.02048;0.020192;0.020448;0.02048;0.020128;0.019456;0.02048;0.020096;0.02048;0.019904;0.02048;0.020416;0.02048;0.020192;0.019104;0.02016;0.02048;0.020416;0.02032;0.02048;0.02016;0.02048;0.020064;0.02048;0.020064;0.02192;0.02048;0.020256;0.019328;0.020448;0.0192;0.02048;0.02;0.02048;0.020096;0.020384;0.02048;0.02032;0.019296;0.020096
net25.mtx,9520,9520,401200,baseline,0.0222842,0.0224,0.000414935,36.0076,219.464,2.28882e-05,73.9481,0.023968;0.022528;0.022496;0.022464;0.022528;0.0224;0.022528;0.022208;0.022528;0.022304;0.022528;0.0224;0.021408;0.022304;0.022528;0.02224;0.022528;0.02224;0.022528;0.022848;0.022528;0.022272;0.022528;0.022304;0.022464;0.022496;0.021312;0.022528;0.021312;0.022528;0.021408;0.022336;0.021472;0.022464;0.02144;0.02224;0.022528;0.022304;0.022528;0.02224;0.022464;0.021248;0.022208;0.022528;0.022272;0.022528;0.02224;0.022464;0.022464;0.022528;0.022208;0.022496;0.022272;0.0224;0.022496;0.022304;0.021312;0.02224;0.022528;0.022272;0.022528;0.02224;0.022528;0.021376;0.022272;0.022528;0.02224;0.022528;0.022272;0.022528;0.022272;0.022528;0.022368;0.022528;0.022272;0.022528;0.022272;0.022432;0.022528;0.022208;0.0224;0.021376;0.021952;0.022528;0.02224;0.022528;0.02224;0.022496;0.021312;0.022336;0.022528;0.022272;0.022528;0.022272;0.022336;0.021344;0.022528;0.022272;0.022528;0.021216
net25.mtx,9520,9520,401200,lightspmv,0.0167226,0.016528,0.000491764,47.9831,292.453,1.52588e-05,98.5418,0.018144;0.016384;0.01648;0.0168;0.016992;0.017632;0.017504;0.016384;0.016736;0.016672;0.016384;0.016576;0.01648;0.016384;0.016416;0.016544;0.017568;0.016384;0.016768;0.0168;0.016384;0.016352;0.016736;0.017664;0.016384;0.016736;0.016384;0.016448;0.016384;0.016512;0.017152;0.016768;0.016384;0.016576;0.016608;0.016352;0.016384;0.016544;0.016448;0.016384;0.016736;0.016736;0.016384;0.016416;0.016608;0.016384;0.016384;0.016736;0.017664;0.016384;0.01648;0.017536;0.017696;0.017696;0.016384;0.016672;0.01696;0.017472;0.016384;0.016768;0.016768;0.01776;0.017504;0.016384;0.016384;0.01904;0.016384;0.01664;0.016416;0.017056;0.016384;0.016384;0.016768;0.017568;0.016384;0.016704;0.016544;0.016384;0.016416;0.017504;0.016384;0.016416;0.016384;0.016576;0.016736;0.016384;0.016384;0.016384;0.016288;0.016384;0.016576;0.016768;0.016384;0.016416;0.016768;0.017536;0.016384;0.016384;0.016416;0.016832
cfd1.mtx,70656,70656,1828364,cusparse_default,0.0447379,0.044448,0.00408985,81.7367,503.055,-1,100,0.044736;0.044448;0.043904;0.044416;0.043776;0.043648;0.044672;0.043744;0.04464;0.044448;0.045056;0.044928;0.04512;0.043648;0.043392;0.044768;0.04384;0.04448;0.044;0.044736;0.04384;0.044384;0.043904;0.044448;0.084992;0.044832;0.043616;0.044768;0.043776;0.044128;0.045056;0.044256;0.045056;0.04448;0.045056;0.045056;0.044576;0.04384;0.044864;0.044512;0.044896;0.04352;0.044768;0.043616;0.044768;0.043488;0.0432;0.045056;0.044288;0.045056;0.044512;0.044928;0.045056;0.044448;0.044832;0.043584;0.043008;0.045024;0.043264;0.045056;0.04432;0.045056;0.044032;0.045056;0.043328;0.044544;0.04384;0.04432;0.044672;0.04368;0.044576;0.043808;0.04432;0.044032;0.04416;0.045056;0.044256;0.046272;0.043808;0.043488;0.044864;0.04352;0.044256;0.044;0.04416;0.045056;0.044576;0.043744;0.044256;0.045056;0.044064;0.044832;0.04352;0.044608;0.043424;0.044992;0.043264;0.0448;0.04352;0.044448
cfd1.mtx,70656,70656,1828364,cusparse_csr_alg2,0.0540902,0.054112,0.000608739,67.6042,416.075,-1,82.7098,0.053248;0.053984;0.0544;0.055264;0.053472;0.05472;0.054048;0.053376;0.054752;0.053632;0.05472;0.053728;0.053248;0.054368;0.055296;0.053248;0.054368;0.054272;0.054976;0.053568;0.053792;0.053248;0.054784;0.05376;0.053536;0.053248;0.054432;0.054592;0.054272;0.053248;0.054336;0.05456;0.055264;0.053568;0.054368;0.054944;0.053824;0.053536;0.054592;0.053728;0.05392;0.054592;0.054176;0.053248;0.054592;0.054528;0.055232;0.053248;0.054528;0.053376;0.054112;0.05344;0.053312;0.054656;0.054144;0.053344;0.054752;0.053536;0.054112;0.054304;0.055296;0.053312;0.054496;0.053408;0.05424;0.053344;0.053632;0.053248;0.054592;0.05408;0.053664;0.054752;0.054112;0.053248;0.054528;0.05408;0.053728;0.055008;0.053728;0.05392;0.054656;0.054112;0.053248;0.054816;0.053792;0.054112;0.054528;0.055008;0.053952;0.053696;0.053344;0.054944;0.054048;0.0536;0.05472;0.054144;0.053248;0.055296;0.053536;0.054336
cfd1.mtx,70656,70656,1828364,baseline,0.0932138,0.093312,0.00101384,39.2295,241.441,7.15256e-07,47.995,0.09376;0.095328;0.092768;0.094208;0.093888;0.09264;0.092672;0.09296;0.092992;0.094688;0.094208;0.093888;0.092608;0.093792;0.09216;0.094144;0.093632;0.095296;0.092576;0.09424;0.09216;0.09392;0.092032;0.094144;0.092512;0.094208;0.094208;0.09216;0.09216;0.094208;0.092608;0.093024;0.094208;0.09376;0.092384;0.093216;0.093952;0.094208;0.093376;0.093696;0.094592;0.09456;0.092256;0.094144;0.094208;0.093504;0.092288;0.093152;0.09216;0.094208;0.092256;0.093056;0.09216;0.09216;0.092896;0.093728;0.093344;0.093888;0.093216;0.09328;0.091808;0.09408;0.093344;0.093472;0.092736;0.093856;0.09216;0.093472;0.092224;0.094144;0.09216;0.09376;0.092032;0.094592;0.09216;0.095296;0.09216;0.09216;0.091072;0.093472;0.092832;0.094208;0.093856;0.094208;0.092416;0.094208;0.092928;0.09216;0.09264;0.092448;0.092288;0.094656;0.0936;0.093824;0.092544;0.094208;0.090112;0.09216;0.090112;0.09216
cfd1.mtx,70656,70656,1828364,lightspmv,0.0482963,0.048448,0.000669735,75.7144,465.99,4.76837e-07,92.6322,0.048704;0.049152;0.049152;0.049376;0.048448;0.049152;0.048352;0.049024;0.047552;0.048416;0.047392;0.049056;0.048512;0.04912;0.04848;0.048864;0.048416;0.048928;0.048928;0.047872;0.048544;0.049184;0.047168;0.047936;0.048096;0.049152;0.047904;0.048864;0.047136;0.048768;0.04704;0.048128;0.047808;0.048896;0.04768;0.048832;0.047104;0.048384;0.047712;0.048512;0.047616;0.04864;0.04896;0.048608;0.047648;0.048768;0.047616;0.048544;0.0472;0.049152;0.048864;0.047616;0.047328;0.047616;0.048864;0.048928;0.047648;0.049088;0.048512;0.049152;0.048736;0.048864;0.047744;0.048832;0.047456;0.04912;0.047104;0.048256;0.04736;0.048576;0.047264;0.049152;0.048672;0.048;0.047904;0.047552;0.04848;0.049152;0.048704;0.047904;0.049088;0.047808;0.047936;0.048416;0.047104;0.048768;0.0472;0.048512;0.04768;0.049152;0.048416;0.047872;0.047616;0.047872;0.048032;0.049056;0.0472;0.04736;0.049152;0.048448
